time,Cd,Cl,Cl_over_abs_Cd
0.0,-0.2507283542773706,0.13101866350774583,0.5225522413903183
0.2511347165,5.178011222375211,0.3150316065469799,0.06084027110363647
0.501559548,1.0072494994777514,0.22009865573610465,0.2185145347306934
0.7500485216,0.10889191064905646,0.17959534656100862,1.6492992499674246
1.0004798912,0.3042895982459015,0.16389443131216208,0.5386133218386132
1.2523906125,0.6130872328335428,0.17400893277059537,0.28382410112565487
1.500399566,0.7795577933825157,0.17496894998602175,0.22444641240366314
1.7514483891,0.8775814466246246,0.17605995955640952,0.20061950971454068
2.0005429436,0.93970778577674,0.1796503235420437,0.19117679587335656
