{
  "iter": 0,
  "reward": -0.6370001586815282,
  "mean_cd_second_half": 7.240402780475835,
  "mean_cl_second_half": -4.431481931295778,
  "grad_norm": 0.0,
  "step_norm": 0.0,
  "wall_seconds": 47.63002800941467,
  "sim_end_time": 0.02078112146992651,
  "theta": [
    [
      1.05,
      0.0
    ],
    [
      0.05,
      1.0
    ],
    [
      -1.0,
      0.1
    ],
    [
      0.0,
      -0.95
    ]
  ]
}