iter,reward,mean_cd_second_half,mean_cl_second_half,grad_norm,step_norm,wall_seconds,sim_end_time
0,0.39202914627730234,2.8962027990921975,1.6530972113723492,0.0,0.0,43.31656503677368,0.02078112146992651
