time,Cd,Cl,Cl_over_abs_Cd
0.0,0.3970184103680623,-0.6794923336939664,-1.711488223087771
0.2509596651,5.683091062135475,-0.3506199356730477,-0.0616952872722928
0.501736866,1.598236974270094,-0.6294039866869727,-0.3938114289806229
0.7504088292,0.7020315758991273,-0.677667796573691,-0.9652953226580551
1.0008147796,0.878213332792761,-0.6622275066123757,-0.7540622328135922
1.250216256,1.1666263020944854,-0.6374624798913762,-0.5464153163244454
1.5005209995,1.333766456019589,-0.6119351775192934,-0.45880234486141996
1.7514543621,1.4380446166492646,-0.5921879874179421,-0.4118008443978447
2.0004807178,1.5042674059090828,-0.5811085771711908,-0.3863066997852061
