time,Cd,Cl,Cl_over_abs_Cd
0.0,-0.43223566672538993,0.6920525096193428,1.6010999621163169
0.2508982181,4.884437959250491,0.5744855687224499,0.11761549097669445
0.5012728134,0.7842679906951417,0.5998159478035012,0.7648099309419092
0.7501191542,-0.06212954576666618,0.607777284151356,9.782419566270859
1.0008750979,0.1601509752196435,0.6036236291143924,3.7690911859046503
1.2506353477,0.4568900440840977,0.6064124935894664,1.3272613431643232
1.5012322143,0.6218719143595379,0.604514346687361,0.9720881948977333
1.7523642913,0.715737549127283,0.5991714557946557,0.8371384965414217
2.0015148143,0.7726959848265906,0.589333000759807,0.7626971180548658
