{
  "iter": 0,
  "reward": -0.6370001586815282,
  "mean_cd_second_half": 7.240402780475835,
  "mean_cl_second_half": -4.431481931295778,
  "grad_norm": NaN,
  "step_norm": NaN,
  "wall_seconds": 49.365570068359375,
  "sim_end_time": 0.02078112146992651,
  "theta": [
    [
      NaN,
      NaN
    ],
    [
      NaN,
      NaN
    ],
    [
      NaN,
      NaN
    ],
    [
      NaN,
      NaN
    ]
  ]
}