time,Cd,Cl,Cl_over_abs_Cd
0.0,2.690342579187295,-0.3697928672855022,-0.13745196249215597
0.2511906329,8.11587215048019,-1.1927902488266588,-0.14697006393281903
0.5014534785,6.086419955482096,-1.4838681591065352,-0.2437998314214255
0.7505963752,5.412833824466361,-0.8168285378151199,-0.15090589593255233
1.0010973834,5.021754376180525,-0.46522839878581546,-0.09264260334844605
1.2523232166,4.857005546619558,-1.0278016697752537,-0.21161220836788966
1.5009287551,4.680601775726288,-1.2074820811500304,-0.2579758199922201
1.7509260421,4.410913058145056,-1.1570567043597957,-0.26231682400159995
2.0008644866,4.1473502530477475,-1.2065944137997109,-0.2909313996118426
