iter,reward,mean_cd_second_half,mean_cl_second_half,grad_norm,step_norm,wall_seconds,sim_end_time
0,-0.6370001586815282,7.240402780475835,-4.431481931295778,0.0,0.0,47.63002800941467,0.02078112146992651
